{"cameraMode":{"drawMode":0,"name":"Shaded","section":"Shading Mode"},"sceneLighting":true,"audioPlay":false,"sceneViewState":{"m_AlwaysRefresh":false,"showFog":true,"showSkybox":true,"showFlares":true,"showImageEffects":true,"showParticleSystems":true,"showVisualEffectGraphs":true,"m_FxEnabled":true},"in2DMode":false,"pivot":{"x":-0.040105000138282779,"y":5.769270896911621,"z":-7.375211715698242},"rotation":{"x":0.1408671885728836,"y":0.001450114999897778,"z":-0.00028258003294467926,"w":0.990240216255188},"size":1.4915564060211182,"orthographic":false}